{"cameraMode":{"drawMode":0,"name":"Shaded","section":"Shading Mode"},"sceneLighting":true,"audioPlay":false,"sceneViewState":{"showFog":true,"showMaterialUpdate":false,"showSkybox":true,"showFlares":true,"showImageEffects":true,"showParticleSystems":true},"in2DMode":false,"pivot":{"x":148.1361846923828,"y":-59.49332809448242,"z":47.702171325683597},"rotation":{"x":-0.09577975422143936,"y":-0.8341928720474243,"z":0.1533633917570114,"w":-0.5209877490997315},"size":1144.99267578125,"orthographic":false}