{"cameraMode":{"drawMode":0,"name":"Shaded","section":"Shading Mode"},"sceneLighting":true,"audioPlay":false,"sceneViewState":{"showFog":true,"showMaterialUpdate":false,"showSkybox":true,"showFlares":true,"showImageEffects":true,"showParticleSystems":true},"in2DMode":false,"pivot":{"x":376.017333984375,"y":155.0,"z":0.42315673828125},"rotation":{"x":-0.053658176213502887,"y":-0.014983881264925003,"z":-0.000806091062258929,"w":0.9984466433525086},"size":640.8378295898438,"orthographic":false}